Product Name,Category,Brand,Price ($),Eco Score
Sustaina External Hard Drive,Electronics,Sustaina,430.28,7
PlanetPro Mouse,Electronics,PlanetPro,373.74,10
EcoLife Keyboard,Electronics,EcoLife,202.82,3
EcoLife Bluetooth Speaker,Electronics,EcoLife,418.62,9
EcoLife External Hard Drive,Electronics,EcoLife,222.42,7
BioWare Tablet,Electronics,BioWare,306.37,1
FutureEco Laptop,Electronics,FutureEco,376.36,7
GreenTech Wireless Earbuds,Electronics,GreenTech,109.25,4
EarthFriendly External Hard Drive,Electronics,EarthFriendly,124.27,7
GreenTech Mouse,Electronics,GreenTech,415.29,5
RenewGen Wireless Earbuds,Electronics,RenewGen,455.81,5
GreenTech Smartwatch,Electronics,GreenTech,413.01,2
Sustaina Bluetooth Speaker,Electronics,Sustaina,443.78,8
BioWare Smartwatch,Electronics,BioWare,162.08,7
Sustaina Bluetooth Speaker,Electronics,Sustaina,314.26,1
PlanetPro Keyboard,Electronics,PlanetPro,84.56,7
EarthFriendly Tablet,Electronics,EarthFriendly,445.74,6
EcoLife Smartwatch,Electronics,EcoLife,221.17,5
BioWare Smartphone,Electronics,BioWare,443.96,4
RenewGen Wireless Earbuds,Electronics,RenewGen,352.43,7
BioWare Mouse,Electronics,BioWare,305.92,8
EcoLife Mouse,Electronics,EcoLife,116.19,5
EnviroSmart External Hard Drive,Electronics,EnviroSmart,293.62,1
NaturePure External Hard Drive,Electronics,NaturePure,126.24,9
BioWare External Hard Drive,Electronics,BioWare,314.63,1
Sustaina Tablet,Electronics,Sustaina,228.45,9
PlanetPro Smartphone,Electronics,PlanetPro,390.01,2
EarthFriendly Monitor,Electronics,EarthFriendly,21.92,2
RenewGen Tablet,Electronics,RenewGen,375.27,4
EarthFriendly External Hard Drive,Electronics,EarthFriendly,219.77,6
GreenTech Tablet,Electronics,GreenTech,144.78,3
EcoLife Monitor,Electronics,EcoLife,441.19,9
RenewGen Keyboard,Electronics,RenewGen,392.25,5
BioWare Monitor,Electronics,BioWare,216.6,4
NaturePure Smartphone,Electronics,NaturePure,266.83,8
RenewGen Monitor,Electronics,RenewGen,30.83,5
EnviroSmart Keyboard,Electronics,EnviroSmart,56.45,4
PlanetPro Smartphone,Electronics,PlanetPro,433.61,8
GreenTech Smartwatch,Electronics,GreenTech,225.25,1
PlanetPro Laptop,Electronics,PlanetPro,330.81,10
BioWare Smartwatch,Electronics,BioWare,162.77,7
Sustaina Tablet,Electronics,Sustaina,52.26,8
EnviroSmart External Hard Drive,Electronics,EnviroSmart,247.99,5
FutureEco Bluetooth Speaker,Electronics,FutureEco,149.05,4
EarthFriendly Tablet,Electronics,EarthFriendly,385.8,4
GreenTech Mouse,Electronics,GreenTech,272.61,10
EarthFriendly Wireless Earbuds,Electronics,EarthFriendly,85.89,10
Sustaina External Hard Drive,Electronics,Sustaina,253.59,6
RenewGen Monitor,Electronics,RenewGen,497.82,3
PlanetPro Smartwatch,Electronics,PlanetPro,420.51,5
Sustaina Tablet,Electronics,Sustaina,444.87,7
FutureEco Tablet,Electronics,FutureEco,123.95,5
Sustaina Tablet,Electronics,Sustaina,221.26,5
EnviroSmart Bluetooth Speaker,Electronics,EnviroSmart,167.2,3
RenewGen Bluetooth Speaker,Electronics,RenewGen,265.43,5
BioWare Smartphone,Electronics,BioWare,269.29,2
Sustaina Tablet,Electronics,Sustaina,180.51,3
RenewGen Tablet,Electronics,RenewGen,37.08,8
GreenTech Smartphone,Electronics,GreenTech,458.68,5
RenewGen Bluetooth Speaker,Electronics,RenewGen,172.84,7
EarthFriendly Bluetooth Speaker,Electronics,EarthFriendly,431.49,2
GreenTech Smartphone,Electronics,GreenTech,71.7,7
EnviroSmart Tablet,Electronics,EnviroSmart,387.74,10
FutureEco Smartwatch,Electronics,FutureEco,363.73,8
NaturePure Mouse,Electronics,NaturePure,113.51,6
EarthFriendly Monitor,Electronics,EarthFriendly,384.09,2
Sustaina Mouse,Electronics,Sustaina,312.2,4
RenewGen Mouse,Electronics,RenewGen,298.28,8
NaturePure Laptop,Electronics,NaturePure,242.45,9
NaturePure Mouse,Electronics,NaturePure,479.22,4
FutureEco Smartwatch,Electronics,FutureEco,138.49,6
FutureEco Tablet,Electronics,FutureEco,450.2,8
Sustaina Smartphone,Electronics,Sustaina,219.7,10
FutureEco Keyboard,Electronics,FutureEco,279.97,9
RenewGen Wireless Earbuds,Electronics,RenewGen,348.31,2
PlanetPro Smartwatch,Electronics,PlanetPro,410.25,6
NaturePure Smartphone,Electronics,NaturePure,346.12,10
EcoLife Tablet,Electronics,EcoLife,364.61,2
Sustaina Monitor,Electronics,Sustaina,376.78,2
GreenTech External Hard Drive,Electronics,GreenTech,452.79,1
EcoLife Bluetooth Speaker,Electronics,EcoLife,415.21,2
EarthFriendly External Hard Drive,Electronics,EarthFriendly,268.6,4
EcoLife Keyboard,Electronics,EcoLife,410.48,5
RenewGen Laptop,Electronics,RenewGen,279.84,3
FutureEco Smartwatch,Electronics,FutureEco,59.81,3
GreenTech Tablet,Electronics,GreenTech,267.59,2
GreenTech Tablet,Electronics,GreenTech,492.89,8
Sustaina Laptop,Electronics,Sustaina,33.68,3
Sustaina Tablet,Electronics,Sustaina,265.43,9
BioWare Wireless Earbuds,Electronics,BioWare,452.41,2
FutureEco Bluetooth Speaker,Electronics,FutureEco,73.29,3
EnviroSmart External Hard Drive,Electronics,EnviroSmart,175.1,10
NaturePure External Hard Drive,Electronics,NaturePure,447.58,3
GreenTech Laptop,Electronics,GreenTech,96.6,6
PlanetPro Smartphone,Electronics,PlanetPro,326.84,4
EcoLife Keyboard,Electronics,EcoLife,285.16,2
PlanetPro Monitor,Electronics,PlanetPro,338.43,2
PlanetPro Wireless Earbuds,Electronics,PlanetPro,466.11,4
BioWare Laptop,Electronics,BioWare,464.39,10
GreenTech External Hard Drive,Electronics,GreenTech,496.22,5
BioWare Bluetooth Speaker,Electronics,BioWare,165.96,8
RenewGen Monitor,Electronics,RenewGen,457.14,2
EarthFriendly Smartphone,Electronics,EarthFriendly,174.53,1
NaturePure Mouse,Electronics,NaturePure,154.2,9
BioWare Monitor,Electronics,BioWare,123.46,4
EnviroSmart Laptop,Electronics,EnviroSmart,498.35,10
EnviroSmart Mouse,Electronics,EnviroSmart,497.26,7
EnviroSmart Wireless Earbuds,Electronics,EnviroSmart,419.45,4
RenewGen Bluetooth Speaker,Electronics,RenewGen,132.65,4
EcoLife Laptop,Electronics,EcoLife,429.59,5
GreenTech Vacuum Cleaner,Home & Kitchen,GreenTech,36.27,9
FutureEco Rice Cooker,Home & Kitchen,FutureEco,471.28,9
NaturePure Rice Cooker,Home & Kitchen,NaturePure,322.84,7
EcoLife Electric Kettle,Home & Kitchen,EcoLife,20.42,2
BioWare Electric Kettle,Home & Kitchen,BioWare,207.78,8
GreenTech Air Purifier,Home & Kitchen,GreenTech,155.76,10
BioWare Coffee Maker,Home & Kitchen,BioWare,351.46,6
RenewGen Blender,Home & Kitchen,RenewGen,478.21,1
EarthFriendly Microwave Oven,Home & Kitchen,EarthFriendly,359.45,9
RenewGen Vacuum Cleaner,Home & Kitchen,RenewGen,88.94,3
FutureEco Microwave Oven,Home & Kitchen,FutureEco,344.03,5
PlanetPro Microwave Oven,Home & Kitchen,PlanetPro,337.55,3
NaturePure Rice Cooker,Home & Kitchen,NaturePure,153.04,2
BioWare Refrigerator,Home & Kitchen,BioWare,361.97,8
PlanetPro Coffee Maker,Home & Kitchen,PlanetPro,158.62,5
EarthFriendly Refrigerator,Home & Kitchen,EarthFriendly,437.7,10
NaturePure Dishwasher,Home & Kitchen,NaturePure,367.17,1
EarthFriendly Microwave Oven,Home & Kitchen,EarthFriendly,225.4,9
EarthFriendly Electric Kettle,Home & Kitchen,EarthFriendly,403.41,7
RenewGen Air Purifier,Home & Kitchen,RenewGen,136.71,8
FutureEco Electric Kettle,Home & Kitchen,FutureEco,173.95,1
EnviroSmart Rice Cooker,Home & Kitchen,EnviroSmart,448.94,2
RenewGen Microwave Oven,Home & Kitchen,RenewGen,150.09,10
PlanetPro Rice Cooker,Home & Kitchen,PlanetPro,303.4,9
PlanetPro Refrigerator,Home & Kitchen,PlanetPro,407.28,4
BioWare Electric Kettle,Home & Kitchen,BioWare,70.18,10
PlanetPro Toaster,Home & Kitchen,PlanetPro,155.53,3
GreenTech Refrigerator,Home & Kitchen,GreenTech,7.78,7
EcoLife Dishwasher,Home & Kitchen,EcoLife,279.82,2
EnviroSmart Microwave Oven,Home & Kitchen,EnviroSmart,380.64,1
PlanetPro Coffee Maker,Home & Kitchen,PlanetPro,291.86,7
EcoLife Dishwasher,Home & Kitchen,EcoLife,84.36,7
BioWare Coffee Maker,Home & Kitchen,BioWare,379.18,1
EarthFriendly Toaster,Home & Kitchen,EarthFriendly,111.99,6
NaturePure Electric Kettle,Home & Kitchen,NaturePure,367.39,1
PlanetPro Microwave Oven,Home & Kitchen,PlanetPro,271.99,9
RenewGen Toaster,Home & Kitchen,RenewGen,278.87,6
NaturePure Toaster,Home & Kitchen,NaturePure,262.36,1
BioWare Refrigerator,Home & Kitchen,BioWare,359.56,3
EcoLife Electric Kettle,Home & Kitchen,EcoLife,71.48,1
PlanetPro Rice Cooker,Home & Kitchen,PlanetPro,161.54,1
EcoLife Rice Cooker,Home & Kitchen,EcoLife,154.16,8
EnviroSmart Toaster,Home & Kitchen,EnviroSmart,277.83,8
PlanetPro Blender,Home & Kitchen,PlanetPro,132.97,4
RenewGen Electric Kettle,Home & Kitchen,RenewGen,153.93,6
FutureEco Air Purifier,Home & Kitchen,FutureEco,305.51,10
EnviroSmart Refrigerator,Home & Kitchen,EnviroSmart,418.05,1
Sustaina Electric Kettle,Home & Kitchen,Sustaina,297.68,1
Sustaina Dishwasher,Home & Kitchen,Sustaina,401.26,2
FutureEco Vacuum Cleaner,Home & Kitchen,FutureEco,49.74,3
GreenTech Refrigerator,Home & Kitchen,GreenTech,147.79,1
PlanetPro Microwave Oven,Home & Kitchen,PlanetPro,127.09,3
PlanetPro Blender,Home & Kitchen,PlanetPro,219.28,3
EcoLife Blender,Home & Kitchen,EcoLife,73.99,10
Sustaina Dishwasher,Home & Kitchen,Sustaina,93.82,7
Sustaina Rice Cooker,Home & Kitchen,Sustaina,314.72,5
NaturePure Electric Kettle,Home & Kitchen,NaturePure,74.39,7
BioWare Coffee Maker,Home & Kitchen,BioWare,51.54,1
BioWare Refrigerator,Home & Kitchen,BioWare,37.51,6
FutureEco Coffee Maker,Home & Kitchen,FutureEco,218.88,4
GreenTech Electric Kettle,Home & Kitchen,GreenTech,370.23,10
NaturePure Blender,Home & Kitchen,NaturePure,231.13,8
EcoLife Vacuum Cleaner,Home & Kitchen,EcoLife,42.51,3
GreenTech Microwave Oven,Home & Kitchen,GreenTech,143.12,1
EcoLife Vacuum Cleaner,Home & Kitchen,EcoLife,419.74,9
NaturePure Rice Cooker,Home & Kitchen,NaturePure,34.78,8
EarthFriendly Rice Cooker,Home & Kitchen,EarthFriendly,238.23,8
EarthFriendly Rice Cooker,Home & Kitchen,EarthFriendly,336.49,3
FutureEco Rice Cooker,Home & Kitchen,FutureEco,292.27,5
BioWare Blender,Home & Kitchen,BioWare,23.2,10
GreenTech Dishwasher,Home & Kitchen,GreenTech,444.3,1
NaturePure Rice Cooker,Home & Kitchen,NaturePure,278.36,2
EarthFriendly Vacuum Cleaner,Home & Kitchen,EarthFriendly,44.33,3
NaturePure Vacuum Cleaner,Home & Kitchen,NaturePure,67.14,10
EarthFriendly Dishwasher,Home & Kitchen,EarthFriendly,447.95,4
RenewGen Air Purifier,Home & Kitchen,RenewGen,180.1,6
PlanetPro Microwave Oven,Home & Kitchen,PlanetPro,276.63,10
FutureEco Toaster,Home & Kitchen,FutureEco,123.86,6
EarthFriendly Dishwasher,Home & Kitchen,EarthFriendly,296.28,9
EnviroSmart Rice Cooker,Home & Kitchen,EnviroSmart,485.54,9
FutureEco Toaster,Home & Kitchen,FutureEco,461.84,6
EarthFriendly Vacuum Cleaner,Home & Kitchen,EarthFriendly,314.25,10
GreenTech Refrigerator,Home & Kitchen,GreenTech,402.26,6
PlanetPro Microwave Oven,Home & Kitchen,PlanetPro,454.58,4
FutureEco Vacuum Cleaner,Home & Kitchen,FutureEco,382.56,2
GreenTech Dishwasher,Home & Kitchen,GreenTech,367.26,1
FutureEco Dishwasher,Home & Kitchen,FutureEco,194.5,7
FutureEco Blender,Home & Kitchen,FutureEco,237.45,5
GreenTech Toaster,Home & Kitchen,GreenTech,248.17,1
NaturePure Electric Kettle,Home & Kitchen,NaturePure,366.53,8
RenewGen Microwave Oven,Home & Kitchen,RenewGen,96.58,4
FutureEco Blender,Home & Kitchen,FutureEco,30.7,6
GreenTech Blender,Home & Kitchen,GreenTech,296.54,9
EnviroSmart Air Purifier,Home & Kitchen,EnviroSmart,340.25,1
NaturePure Toaster,Home & Kitchen,NaturePure,432.14,9
NaturePure Air Purifier,Home & Kitchen,NaturePure,80.52,7
GreenTech Air Purifier,Home & Kitchen,GreenTech,15.71,2
Sustaina Refrigerator,Home & Kitchen,Sustaina,371.2,1
EcoLife Dishwasher,Home & Kitchen,EcoLife,218.35,6
Sustaina Refrigerator,Home & Kitchen,Sustaina,277.58,5
GreenTech Electric Kettle,Home & Kitchen,GreenTech,493.6,2
FutureEco Refrigerator,Home & Kitchen,FutureEco,58.77,8
NaturePure Toaster,Home & Kitchen,NaturePure,39.52,5
PlanetPro Dishwasher,Home & Kitchen,PlanetPro,406.91,4
FutureEco Refrigerator,Home & Kitchen,FutureEco,402.45,1
RenewGen Refrigerator,Home & Kitchen,RenewGen,91.01,9
PlanetPro Electric Kettle,Home & Kitchen,PlanetPro,60.99,3
Sustaina Vacuum Cleaner,Home & Kitchen,Sustaina,37.81,3
EarthFriendly Dishwasher,Home & Kitchen,EarthFriendly,327.68,1
EcoLife Microwave Oven,Home & Kitchen,EcoLife,21.19,10
EnviroSmart Leather Jacket,Clothing & Accessories,EnviroSmart,267.99,5
EcoLife Leather Jacket,Clothing & Accessories,EcoLife,200.19,8
GreenTech Wristwatch,Clothing & Accessories,GreenTech,359.26,10
EnviroSmart Running Shoes,Clothing & Accessories,EnviroSmart,497.51,9
NaturePure T-Shirt,Clothing & Accessories,NaturePure,370.54,1
PlanetPro Jeans,Clothing & Accessories,PlanetPro,365.78,3
NaturePure T-Shirt,Clothing & Accessories,NaturePure,443.35,8
Sustaina T-Shirt,Clothing & Accessories,Sustaina,33.92,4
BioWare Leather Jacket,Clothing & Accessories,BioWare,109.55,3
BioWare T-Shirt,Clothing & Accessories,BioWare,456.32,9
EcoLife Sneakers,Clothing & Accessories,EcoLife,267.79,7
EcoLife Hat,Clothing & Accessories,EcoLife,209.9,2
RenewGen Sneakers,Clothing & Accessories,RenewGen,462.31,6
EnviroSmart Sunglasses,Clothing & Accessories,EnviroSmart,142.76,1
FutureEco T-Shirt,Clothing & Accessories,FutureEco,434.15,3
BioWare Scarf,Clothing & Accessories,BioWare,480.76,4
NaturePure Sunglasses,Clothing & Accessories,NaturePure,280.14,1
Sustaina Leather Jacket,Clothing & Accessories,Sustaina,174.48,2
GreenTech T-Shirt,Clothing & Accessories,GreenTech,105.4,9
FutureEco Hat,Clothing & Accessories,FutureEco,98.87,8
NaturePure Wristwatch,Clothing & Accessories,NaturePure,486.54,10
BioWare Jeans,Clothing & Accessories,BioWare,69.55,2
GreenTech Sneakers,Clothing & Accessories,GreenTech,173.47,9
RenewGen Hat,Clothing & Accessories,RenewGen,446.81,6
FutureEco Sneakers,Clothing & Accessories,FutureEco,484.03,3
EnviroSmart Scarf,Clothing & Accessories,EnviroSmart,86.92,2
BioWare T-Shirt,Clothing & Accessories,BioWare,346.76,3
FutureEco Hat,Clothing & Accessories,FutureEco,409.5,9
NaturePure Leather Jacket,Clothing & Accessories,NaturePure,222.5,6
GreenTech Running Shoes,Clothing & Accessories,GreenTech,107.77,9
Sustaina Backpack,Clothing & Accessories,Sustaina,96.01,10
NaturePure Sneakers,Clothing & Accessories,NaturePure,232.92,8
Sustaina Sneakers,Clothing & Accessories,Sustaina,102.43,8
RenewGen Leather Jacket,Clothing & Accessories,RenewGen,420.74,9
EcoLife Jeans,Clothing & Accessories,EcoLife,174.04,3
NaturePure Sneakers,Clothing & Accessories,NaturePure,161.58,9
EarthFriendly Backpack,Clothing & Accessories,EarthFriendly,461.01,6
RenewGen Sneakers,Clothing & Accessories,RenewGen,482.76,7
FutureEco Sneakers,Clothing & Accessories,FutureEco,174.6,7
RenewGen Running Shoes,Clothing & Accessories,RenewGen,221.31,8
BioWare Running Shoes,Clothing & Accessories,BioWare,242.76,5
GreenTech Sunglasses,Clothing & Accessories,GreenTech,410.92,1
PlanetPro Sneakers,Clothing & Accessories,PlanetPro,148.98,10
BioWare Backpack,Clothing & Accessories,BioWare,488.53,9
PlanetPro Wristwatch,Clothing & Accessories,PlanetPro,406.1,10
RenewGen Backpack,Clothing & Accessories,RenewGen,201.67,4
EarthFriendly Backpack,Clothing & Accessories,EarthFriendly,16.32,6
EnviroSmart Sunglasses,Clothing & Accessories,EnviroSmart,264.65,5
EnviroSmart Hat,Clothing & Accessories,EnviroSmart,278.32,7
FutureEco Scarf,Clothing & Accessories,FutureEco,314.9,3
EcoLife Backpack,Clothing & Accessories,EcoLife,159.5,10
RenewGen Sneakers,Clothing & Accessories,RenewGen,353.24,9
NaturePure Leather Jacket,Clothing & Accessories,NaturePure,127.33,5
FutureEco Leather Jacket,Clothing & Accessories,FutureEco,410.66,3
PlanetPro Scarf,Clothing & Accessories,PlanetPro,302.26,9
RenewGen Leather Jacket,Clothing & Accessories,RenewGen,18.76,5
GreenTech Wristwatch,Clothing & Accessories,GreenTech,252.14,4
FutureEco Sunglasses,Clothing & Accessories,FutureEco,106.61,6
NaturePure Sneakers,Clothing & Accessories,NaturePure,256.48,6
PlanetPro Jeans,Clothing & Accessories,PlanetPro,369.16,9
NaturePure T-Shirt,Clothing & Accessories,NaturePure,341.88,8
GreenTech Leather Jacket,Clothing & Accessories,GreenTech,292.67,2
GreenTech Wristwatch,Clothing & Accessories,GreenTech,390.95,1
EnviroSmart Scarf,Clothing & Accessories,EnviroSmart,382.31,8
GreenTech Jeans,Clothing & Accessories,GreenTech,300.09,9
EcoLife Running Shoes,Clothing & Accessories,EcoLife,176.12,1
EnviroSmart Leather Jacket,Clothing & Accessories,EnviroSmart,211.39,5
EarthFriendly T-Shirt,Clothing & Accessories,EarthFriendly,416.47,5
RenewGen Scarf,Clothing & Accessories,RenewGen,358.81,7
BioWare T-Shirt,Clothing & Accessories,BioWare,153.73,3
GreenTech Running Shoes,Clothing & Accessories,GreenTech,243.97,6
FutureEco Scarf,Clothing & Accessories,FutureEco,449.66,3
EcoLife Hat,Clothing & Accessories,EcoLife,231.86,5
PlanetPro T-Shirt,Clothing & Accessories,PlanetPro,166.18,2
Sustaina Leather Jacket,Clothing & Accessories,Sustaina,496.58,8
RenewGen Hat,Clothing & Accessories,RenewGen,225.48,1
PlanetPro Hat,Clothing & Accessories,PlanetPro,12.65,6
NaturePure Wristwatch,Clothing & Accessories,NaturePure,54.75,6
BioWare Leather Jacket,Clothing & Accessories,BioWare,388.0,1
EcoLife Leather Jacket,Clothing & Accessories,EcoLife,278.68,7
NaturePure Backpack,Clothing & Accessories,NaturePure,58.79,3
FutureEco Jeans,Clothing & Accessories,FutureEco,483.35,3
BioWare Sneakers,Clothing & Accessories,BioWare,452.14,7
EnviroSmart Leather Jacket,Clothing & Accessories,EnviroSmart,72.96,7
EcoLife Jeans,Clothing & Accessories,EcoLife,104.03,7
EarthFriendly Jeans,Clothing & Accessories,EarthFriendly,207.07,10
NaturePure Sneakers,Clothing & Accessories,NaturePure,84.71,1
EarthFriendly Running Shoes,Clothing & Accessories,EarthFriendly,421.62,10
RenewGen Sunglasses,Clothing & Accessories,RenewGen,40.47,4
EcoLife Jeans,Clothing & Accessories,EcoLife,64.74,3
EarthFriendly Wristwatch,Clothing & Accessories,EarthFriendly,17.59,10
EnviroSmart Scarf,Clothing & Accessories,EnviroSmart,434.98,6
EarthFriendly Scarf,Clothing & Accessories,EarthFriendly,78.48,4
GreenTech Hat,Clothing & Accessories,GreenTech,29.16,6
RenewGen Hat,Clothing & Accessories,RenewGen,430.05,7
GreenTech Running Shoes,Clothing & Accessories,GreenTech,301.87,2
NaturePure Scarf,Clothing & Accessories,NaturePure,318.87,5
BioWare Jeans,Clothing & Accessories,BioWare,154.03,4
EcoLife Sneakers,Clothing & Accessories,EcoLife,298.23,10
EarthFriendly Leather Jacket,Clothing & Accessories,EarthFriendly,253.66,5
FutureEco Leather Jacket,Clothing & Accessories,FutureEco,225.49,1
RenewGen Backpack,Clothing & Accessories,RenewGen,416.61,4
EnviroSmart Backpack,Clothing & Accessories,EnviroSmart,266.28,1
RenewGen Sunglasses,Clothing & Accessories,RenewGen,252.95,10
BioWare Scarf,Clothing & Accessories,BioWare,468.46,7
GreenTech Jeans,Clothing & Accessories,GreenTech,52.49,6
EnviroSmart Jeans,Clothing & Accessories,EnviroSmart,348.9,3
GreenTech Scarf,Clothing & Accessories,GreenTech,277.56,6
PlanetPro Sneakers,Clothing & Accessories,PlanetPro,264.2,10
PlanetPro T-Shirt,Clothing & Accessories,PlanetPro,240.15,6
EarthFriendly Conditioner,Beauty & Personal Care,EarthFriendly,91.1,8
FutureEco Sunscreen,Beauty & Personal Care,FutureEco,79.63,6
PlanetPro Hair Dryer,Beauty & Personal Care,PlanetPro,259.09,5
EcoLife Moisturizer,Beauty & Personal Care,EcoLife,410.9,5
Sustaina Body Lotion,Beauty & Personal Care,Sustaina,455.52,7
EarthFriendly Conditioner,Beauty & Personal Care,EarthFriendly,181.65,10
NaturePure Hair Dryer,Beauty & Personal Care,NaturePure,144.79,1
RenewGen Shampoo,Beauty & Personal Care,RenewGen,316.19,5
GreenTech Sunscreen,Beauty & Personal Care,GreenTech,337.37,4
EarthFriendly Perfume,Beauty & Personal Care,EarthFriendly,386.34,6
EcoLife Lipstick,Beauty & Personal Care,EcoLife,340.39,6
EarthFriendly Face Wash,Beauty & Personal Care,EarthFriendly,186.77,3
PlanetPro Face Wash,Beauty & Personal Care,PlanetPro,251.39,9
RenewGen Face Wash,Beauty & Personal Care,RenewGen,22.26,8
RenewGen Shampoo,Beauty & Personal Care,RenewGen,400.31,1
EnviroSmart Perfume,Beauty & Personal Care,EnviroSmart,246.15,7
RenewGen Perfume,Beauty & Personal Care,RenewGen,237.62,9
GreenTech Moisturizer,Beauty & Personal Care,GreenTech,169.5,1
EnviroSmart Hair Dryer,Beauty & Personal Care,EnviroSmart,315.98,2
NaturePure Electric Toothbrush,Beauty & Personal Care,NaturePure,382.55,4
PlanetPro Hair Dryer,Beauty & Personal Care,PlanetPro,127.09,4
EcoLife Conditioner,Beauty & Personal Care,EcoLife,22.24,5
GreenTech Conditioner,Beauty & Personal Care,GreenTech,280.88,9
Sustaina Conditioner,Beauty & Personal Care,Sustaina,379.63,6
BioWare Shampoo,Beauty & Personal Care,BioWare,51.96,7
EcoLife Hair Dryer,Beauty & Personal Care,EcoLife,181.26,4
RenewGen Moisturizer,Beauty & Personal Care,RenewGen,424.41,8
EarthFriendly Electric Toothbrush,Beauty & Personal Care,EarthFriendly,422.71,3
PlanetPro Body Lotion,Beauty & Personal Care,PlanetPro,223.93,6
PlanetPro Face Wash,Beauty & Personal Care,PlanetPro,79.93,8
NaturePure Electric Toothbrush,Beauty & Personal Care,NaturePure,217.05,5
RenewGen Moisturizer,Beauty & Personal Care,RenewGen,466.79,2
FutureEco Sunscreen,Beauty & Personal Care,FutureEco,11.41,5
RenewGen Face Wash,Beauty & Personal Care,RenewGen,109.38,8
EarthFriendly Conditioner,Beauty & Personal Care,EarthFriendly,206.46,4
NaturePure Body Lotion,Beauty & Personal Care,NaturePure,400.46,3
Sustaina Electric Toothbrush,Beauty & Personal Care,Sustaina,356.69,4
Sustaina Moisturizer,Beauty & Personal Care,Sustaina,335.99,3
FutureEco Shampoo,Beauty & Personal Care,FutureEco,15.82,6
EcoLife Lipstick,Beauty & Personal Care,EcoLife,342.53,6
GreenTech Conditioner,Beauty & Personal Care,GreenTech,152.94,1
NaturePure Lipstick,Beauty & Personal Care,NaturePure,245.98,3
EarthFriendly Body Lotion,Beauty & Personal Care,EarthFriendly,166.09,6
EcoLife Moisturizer,Beauty & Personal Care,EcoLife,339.9,4
EnviroSmart Sunscreen,Beauty & Personal Care,EnviroSmart,135.76,5
PlanetPro Conditioner,Beauty & Personal Care,PlanetPro,91.52,7
FutureEco Perfume,Beauty & Personal Care,FutureEco,82.59,4
Sustaina Perfume,Beauty & Personal Care,Sustaina,461.0,2
NaturePure Body Lotion,Beauty & Personal Care,NaturePure,162.07,8
EarthFriendly Shampoo,Beauty & Personal Care,EarthFriendly,381.13,10
FutureEco Shampoo,Beauty & Personal Care,FutureEco,190.87,4
FutureEco Perfume,Beauty & Personal Care,FutureEco,359.56,3
EnviroSmart Face Wash,Beauty & Personal Care,EnviroSmart,16.67,6
EnviroSmart Shampoo,Beauty & Personal Care,EnviroSmart,408.58,9
Sustaina Electric Toothbrush,Beauty & Personal Care,Sustaina,121.16,8
Sustaina Shampoo,Beauty & Personal Care,Sustaina,43.72,5
GreenTech Hair Dryer,Beauty & Personal Care,GreenTech,320.03,10
Sustaina Electric Toothbrush,Beauty & Personal Care,Sustaina,354.16,3
EcoLife Body Lotion,Beauty & Personal Care,EcoLife,223.43,6
EarthFriendly Shampoo,Beauty & Personal Care,EarthFriendly,488.89,4
RenewGen Hair Dryer,Beauty & Personal Care,RenewGen,444.98,8
BioWare Face Wash,Beauty & Personal Care,BioWare,83.51,9
RenewGen Lipstick,Beauty & Personal Care,RenewGen,106.22,1
EcoLife Hair Dryer,Beauty & Personal Care,EcoLife,248.71,5
PlanetPro Moisturizer,Beauty & Personal Care,PlanetPro,290.37,4
PlanetPro Moisturizer,Beauty & Personal Care,PlanetPro,408.98,1
RenewGen Lipstick,Beauty & Personal Care,RenewGen,346.61,10
EcoLife Face Wash,Beauty & Personal Care,EcoLife,170.92,7
EcoLife Lipstick,Beauty & Personal Care,EcoLife,102.46,9
Sustaina Lipstick,Beauty & Personal Care,Sustaina,123.96,3
EnviroSmart Body Lotion,Beauty & Personal Care,EnviroSmart,449.7,6
GreenTech Sunscreen,Beauty & Personal Care,GreenTech,490.84,7
BioWare Body Lotion,Beauty & Personal Care,BioWare,273.57,3
PlanetPro Conditioner,Beauty & Personal Care,PlanetPro,393.98,8
Sustaina Shampoo,Beauty & Personal Care,Sustaina,157.04,8
BioWare Hair Dryer,Beauty & Personal Care,BioWare,139.1,7
EnviroSmart Moisturizer,Beauty & Personal Care,EnviroSmart,290.15,10
Sustaina Lipstick,Beauty & Personal Care,Sustaina,150.98,5
GreenTech Moisturizer,Beauty & Personal Care,GreenTech,121.12,8
BioWare Sunscreen,Beauty & Personal Care,BioWare,44.8,3
FutureEco Perfume,Beauty & Personal Care,FutureEco,288.73,4
NaturePure Moisturizer,Beauty & Personal Care,NaturePure,9.59,1
EnviroSmart Lipstick,Beauty & Personal Care,EnviroSmart,253.97,4
FutureEco Perfume,Beauty & Personal Care,FutureEco,10.74,3
Sustaina Shampoo,Beauty & Personal Care,Sustaina,24.08,10
BioWare Hair Dryer,Beauty & Personal Care,BioWare,195.28,2
PlanetPro Lipstick,Beauty & Personal Care,PlanetPro,220.48,5
Sustaina Hair Dryer,Beauty & Personal Care,Sustaina,436.34,6
EnviroSmart Face Wash,Beauty & Personal Care,EnviroSmart,158.51,3
EcoLife Perfume,Beauty & Personal Care,EcoLife,182.89,4
PlanetPro Lipstick,Beauty & Personal Care,PlanetPro,178.41,7
RenewGen Body Lotion,Beauty & Personal Care,RenewGen,198.7,1
EarthFriendly Hair Dryer,Beauty & Personal Care,EarthFriendly,78.77,7
EarthFriendly Face Wash,Beauty & Personal Care,EarthFriendly,201.96,9
PlanetPro Electric Toothbrush,Beauty & Personal Care,PlanetPro,120.99,6
FutureEco Perfume,Beauty & Personal Care,FutureEco,489.93,6
NaturePure Electric Toothbrush,Beauty & Personal Care,NaturePure,368.27,9
FutureEco Perfume,Beauty & Personal Care,FutureEco,292.6,6
EcoLife Face Wash,Beauty & Personal Care,EcoLife,333.28,1
EnviroSmart Lipstick,Beauty & Personal Care,EnviroSmart,422.2,2
GreenTech Electric Toothbrush,Beauty & Personal Care,GreenTech,401.47,4
GreenTech Conditioner,Beauty & Personal Care,GreenTech,324.61,10
NaturePure Lipstick,Beauty & Personal Care,NaturePure,377.55,9
PlanetPro Electric Toothbrush,Beauty & Personal Care,PlanetPro,498.22,4
BioWare Electric Toothbrush,Beauty & Personal Care,BioWare,93.37,2
EnviroSmart Conditioner,Beauty & Personal Care,EnviroSmart,488.27,7
BioWare Electric Toothbrush,Beauty & Personal Care,BioWare,316.67,2
FutureEco Perfume,Beauty & Personal Care,FutureEco,193.16,6
PlanetPro Moisturizer,Beauty & Personal Care,PlanetPro,477.29,1
GreenTech Shampoo,Beauty & Personal Care,GreenTech,272.12,4
PlanetPro Camping Tent,Sports & Outdoors,PlanetPro,365.89,6
BioWare Camping Tent,Sports & Outdoors,BioWare,247.88,9
EarthFriendly Tennis Racket,Sports & Outdoors,EarthFriendly,211.16,9
Sustaina Camping Tent,Sports & Outdoors,Sustaina,213.02,2
EnviroSmart Basketball,Sports & Outdoors,EnviroSmart,15.04,9
PlanetPro Sleeping Bag,Sports & Outdoors,PlanetPro,333.98,4
PlanetPro Yoga Mat,Sports & Outdoors,PlanetPro,496.13,9
PlanetPro Dumbbells,Sports & Outdoors,PlanetPro,165.72,7
RenewGen Tennis Racket,Sports & Outdoors,RenewGen,137.36,10
PlanetPro Sleeping Bag,Sports & Outdoors,PlanetPro,70.31,3
FutureEco Bicycle,Sports & Outdoors,FutureEco,390.3,10
PlanetPro Hiking Boots,Sports & Outdoors,PlanetPro,363.58,7
GreenTech Basketball,Sports & Outdoors,GreenTech,141.88,6
RenewGen Camping Tent,Sports & Outdoors,RenewGen,65.29,8
Sustaina Camping Tent,Sports & Outdoors,Sustaina,419.16,2
NaturePure Treadmill,Sports & Outdoors,NaturePure,222.17,1
GreenTech Sleeping Bag,Sports & Outdoors,GreenTech,411.37,10
EarthFriendly Camping Tent,Sports & Outdoors,EarthFriendly,233.68,3
EcoLife Sleeping Bag,Sports & Outdoors,EcoLife,147.96,1
EcoLife Treadmill,Sports & Outdoors,EcoLife,125.5,3
EnviroSmart Bicycle,Sports & Outdoors,EnviroSmart,66.53,10
PlanetPro Treadmill,Sports & Outdoors,PlanetPro,291.94,6
EarthFriendly Sleeping Bag,Sports & Outdoors,EarthFriendly,66.9,4
NaturePure Camping Tent,Sports & Outdoors,NaturePure,326.21,6
RenewGen Hiking Boots,Sports & Outdoors,RenewGen,190.71,4
GreenTech Tennis Racket,Sports & Outdoors,GreenTech,480.31,5
RenewGen Dumbbells,Sports & Outdoors,RenewGen,185.63,3
NaturePure Basketball,Sports & Outdoors,NaturePure,11.1,6
FutureEco Bicycle,Sports & Outdoors,FutureEco,181.64,2
EnviroSmart Dumbbells,Sports & Outdoors,EnviroSmart,76.72,9
EcoLife Basketball,Sports & Outdoors,EcoLife,289.23,2
FutureEco Yoga Mat,Sports & Outdoors,FutureEco,17.9,4
EcoLife Camping Tent,Sports & Outdoors,EcoLife,324.57,4
EarthFriendly Dumbbells,Sports & Outdoors,EarthFriendly,443.66,8
FutureEco Dumbbells,Sports & Outdoors,FutureEco,179.1,6
RenewGen Dumbbells,Sports & Outdoors,RenewGen,404.81,3
FutureEco Treadmill,Sports & Outdoors,FutureEco,448.85,8
RenewGen Tennis Racket,Sports & Outdoors,RenewGen,14.78,10
EcoLife Sleeping Bag,Sports & Outdoors,EcoLife,161.72,9
GreenTech Camping Tent,Sports & Outdoors,GreenTech,246.58,6
GreenTech Bicycle,Sports & Outdoors,GreenTech,44.72,2
NaturePure Bicycle,Sports & Outdoors,NaturePure,254.06,4
EarthFriendly Fishing Rod,Sports & Outdoors,EarthFriendly,480.44,5
BioWare Yoga Mat,Sports & Outdoors,BioWare,73.66,5
EcoLife Sleeping Bag,Sports & Outdoors,EcoLife,214.58,5
Sustaina Yoga Mat,Sports & Outdoors,Sustaina,364.16,1
BioWare Camping Tent,Sports & Outdoors,BioWare,77.53,10
EcoLife Basketball,Sports & Outdoors,EcoLife,240.44,7
RenewGen Treadmill,Sports & Outdoors,RenewGen,423.58,7
BioWare Dumbbells,Sports & Outdoors,BioWare,48.73,4
BioWare Camping Tent,Sports & Outdoors,BioWare,300.54,7
FutureEco Hiking Boots,Sports & Outdoors,FutureEco,413.68,4
EarthFriendly Hiking Boots,Sports & Outdoors,EarthFriendly,438.8,1
FutureEco Yoga Mat,Sports & Outdoors,FutureEco,390.87,2
PlanetPro Yoga Mat,Sports & Outdoors,PlanetPro,148.95,4
PlanetPro Dumbbells,Sports & Outdoors,PlanetPro,39.54,10
PlanetPro Bicycle,Sports & Outdoors,PlanetPro,304.31,9
EcoLife Basketball,Sports & Outdoors,EcoLife,491.5,1
EcoLife Dumbbells,Sports & Outdoors,EcoLife,208.0,5
GreenTech Tennis Racket,Sports & Outdoors,GreenTech,388.24,10
GreenTech Camping Tent,Sports & Outdoors,GreenTech,390.16,2
Sustaina Hiking Boots,Sports & Outdoors,Sustaina,330.23,1
RenewGen Basketball,Sports & Outdoors,RenewGen,484.2,10
PlanetPro Sleeping Bag,Sports & Outdoors,PlanetPro,309.56,7
PlanetPro Bicycle,Sports & Outdoors,PlanetPro,246.61,3
BioWare Fishing Rod,Sports & Outdoors,BioWare,233.89,3
EcoLife Basketball,Sports & Outdoors,EcoLife,225.98,2
EcoLife Bicycle,Sports & Outdoors,EcoLife,351.83,3
Sustaina Treadmill,Sports & Outdoors,Sustaina,400.69,3
EnviroSmart Camping Tent,Sports & Outdoors,EnviroSmart,294.99,3
EarthFriendly Treadmill,Sports & Outdoors,EarthFriendly,216.7,4
PlanetPro Tennis Racket,Sports & Outdoors,PlanetPro,321.03,6
PlanetPro Basketball,Sports & Outdoors,PlanetPro,197.8,10
PlanetPro Sleeping Bag,Sports & Outdoors,PlanetPro,74.4,8
BioWare Basketball,Sports & Outdoors,BioWare,428.42,7
EarthFriendly Hiking Boots,Sports & Outdoors,EarthFriendly,240.55,1
EarthFriendly Bicycle,Sports & Outdoors,EarthFriendly,171.35,1
EnviroSmart Treadmill,Sports & Outdoors,EnviroSmart,223.85,10
PlanetPro Hiking Boots,Sports & Outdoors,PlanetPro,7.45,1
Sustaina Fishing Rod,Sports & Outdoors,Sustaina,306.16,1
GreenTech Yoga Mat,Sports & Outdoors,GreenTech,182.35,7
RenewGen Basketball,Sports & Outdoors,RenewGen,10.33,4
NaturePure Yoga Mat,Sports & Outdoors,NaturePure,176.01,10
EnviroSmart Yoga Mat,Sports & Outdoors,EnviroSmart,449.35,5
RenewGen Tennis Racket,Sports & Outdoors,RenewGen,280.78,6
RenewGen Dumbbells,Sports & Outdoors,RenewGen,364.28,10
RenewGen Bicycle,Sports & Outdoors,RenewGen,372.83,3
EnviroSmart Sleeping Bag,Sports & Outdoors,EnviroSmart,299.49,5
NaturePure Fishing Rod,Sports & Outdoors,NaturePure,235.51,9
RenewGen Yoga Mat,Sports & Outdoors,RenewGen,321.5,5
EcoLife Sleeping Bag,Sports & Outdoors,EcoLife,215.76,4
EarthFriendly Dumbbells,Sports & Outdoors,EarthFriendly,412.48,9
GreenTech Tennis Racket,Sports & Outdoors,GreenTech,86.78,8
NaturePure Basketball,Sports & Outdoors,NaturePure,76.59,3
BioWare Dumbbells,Sports & Outdoors,BioWare,241.88,10
FutureEco Sleeping Bag,Sports & Outdoors,FutureEco,183.62,8
GreenTech Camping Tent,Sports & Outdoors,GreenTech,275.01,7
FutureEco Camping Tent,Sports & Outdoors,FutureEco,102.53,10
RenewGen Yoga Mat,Sports & Outdoors,RenewGen,299.72,5
PlanetPro Fishing Rod,Sports & Outdoors,PlanetPro,360.67,5
NaturePure Yoga Mat,Sports & Outdoors,NaturePure,291.3,9
FutureEco Yoga Mat,Sports & Outdoors,FutureEco,61.67,8
FutureEco Yoga Mat,Sports & Outdoors,FutureEco,320.18,8
RenewGen Fishing Rod,Sports & Outdoors,RenewGen,389.08,4
FutureEco Treadmill,Sports & Outdoors,FutureEco,317.54,2
EarthFriendly Sleeping Bag,Sports & Outdoors,EarthFriendly,268.57,7
GreenTech Basketball,Sports & Outdoors,GreenTech,261.83,10
BioWare Dumbbells,Sports & Outdoors,BioWare,364.62,10
PlanetPro Yoga Mat,Sports & Outdoors,PlanetPro,162.42,3
EcoLife Tennis Racket,Sports & Outdoors,EcoLife,252.36,6
Sustaina Tire Inflator,Automotive,Sustaina,406.69,4
GreenTech Dash Cam,Automotive,GreenTech,227.9,3
EarthFriendly Dash Cam,Automotive,EarthFriendly,492.44,10
RenewGen Engine Oil,Automotive,RenewGen,109.34,5
PlanetPro Car Cover,Automotive,PlanetPro,198.54,3
BioWare Dash Cam,Automotive,BioWare,254.39,3
BioWare Seat Covers,Automotive,BioWare,219.34,7
Sustaina Car Vacuum Cleaner,Automotive,Sustaina,330.58,5
FutureEco Car Vacuum Cleaner,Automotive,FutureEco,168.41,7
EcoLife Engine Oil,Automotive,EcoLife,145.87,1
PlanetPro Jump Starter,Automotive,PlanetPro,120.69,4
GreenTech GPS Navigation,Automotive,GreenTech,36.73,4
GreenTech Car Battery,Automotive,GreenTech,335.36,1
EcoLife Engine Oil,Automotive,EcoLife,478.36,6
EnviroSmart Engine Oil,Automotive,EnviroSmart,13.83,10
EnviroSmart Jump Starter,Automotive,EnviroSmart,73.5,8
NaturePure Car Vacuum Cleaner,Automotive,NaturePure,231.11,10
FutureEco Car Vacuum Cleaner,Automotive,FutureEco,311.42,7
Sustaina Seat Covers,Automotive,Sustaina,223.52,8
GreenTech Tire Inflator,Automotive,GreenTech,95.13,8
BioWare Seat Covers,Automotive,BioWare,265.42,9
BioWare Dash Cam,Automotive,BioWare,398.25,8
EarthFriendly Tire Inflator,Automotive,EarthFriendly,218.16,6
PlanetPro Seat Covers,Automotive,PlanetPro,432.1,2
Sustaina Dash Cam,Automotive,Sustaina,218.43,10
EnviroSmart Engine Oil,Automotive,EnviroSmart,240.5,5
FutureEco Seat Covers,Automotive,FutureEco,261.04,7
BioWare Jump Starter,Automotive,BioWare,280.94,6
PlanetPro Dash Cam,Automotive,PlanetPro,149.28,3
EnviroSmart GPS Navigation,Automotive,EnviroSmart,144.5,4
RenewGen Seat Covers,Automotive,RenewGen,480.76,5
EarthFriendly Roof Rack,Automotive,EarthFriendly,296.37,2
Sustaina Jump Starter,Automotive,Sustaina,474.45,1
FutureEco Seat Covers,Automotive,FutureEco,149.14,9
NaturePure Tire Inflator,Automotive,NaturePure,475.3,3
GreenTech GPS Navigation,Automotive,GreenTech,333.72,10
NaturePure Seat Covers,Automotive,NaturePure,325.58,9
NaturePure Car Vacuum Cleaner,Automotive,NaturePure,163.22,3
RenewGen Car Battery,Automotive,RenewGen,209.94,3
GreenTech Car Cover,Automotive,GreenTech,497.49,3
EcoLife Engine Oil,Automotive,EcoLife,481.24,8
BioWare Jump Starter,Automotive,BioWare,22.12,4
PlanetPro Car Cover,Automotive,PlanetPro,410.37,5
EnviroSmart Car Vacuum Cleaner,Automotive,EnviroSmart,343.91,9
EnviroSmart Engine Oil,Automotive,EnviroSmart,353.76,4
EcoLife Car Battery,Automotive,EcoLife,142.14,2
BioWare Car Cover,Automotive,BioWare,81.62,6
GreenTech Dash Cam,Automotive,GreenTech,72.86,1
EcoLife Tire Inflator,Automotive,EcoLife,44.97,9
BioWare Car Vacuum Cleaner,Automotive,BioWare,408.14,10
BioWare Car Cover,Automotive,BioWare,16.37,3
EnviroSmart Roof Rack,Automotive,EnviroSmart,28.4,9
GreenTech GPS Navigation,Automotive,GreenTech,239.62,5
EcoLife GPS Navigation,Automotive,EcoLife,288.99,4
FutureEco GPS Navigation,Automotive,FutureEco,180.51,1
Sustaina Car Battery,Automotive,Sustaina,496.2,8
EarthFriendly Car Battery,Automotive,EarthFriendly,58.37,7
FutureEco GPS Navigation,Automotive,FutureEco,169.76,6
Sustaina Car Battery,Automotive,Sustaina,468.17,5
EnviroSmart GPS Navigation,Automotive,EnviroSmart,253.65,10
BioWare Car Vacuum Cleaner,Automotive,BioWare,284.81,8
EcoLife Car Battery,Automotive,EcoLife,15.5,5
NaturePure Car Battery,Automotive,NaturePure,486.42,10
FutureEco Roof Rack,Automotive,FutureEco,179.44,3
BioWare Engine Oil,Automotive,BioWare,162.53,2
NaturePure Car Cover,Automotive,NaturePure,15.52,1
EarthFriendly Engine Oil,Automotive,EarthFriendly,436.42,5
BioWare Car Cover,Automotive,BioWare,11.67,9
NaturePure Roof Rack,Automotive,NaturePure,151.17,2
PlanetPro Roof Rack,Automotive,PlanetPro,452.44,9
EcoLife Seat Covers,Automotive,EcoLife,189.14,4
FutureEco Dash Cam,Automotive,FutureEco,245.31,7
FutureEco Engine Oil,Automotive,FutureEco,34.87,9
Sustaina Jump Starter,Automotive,Sustaina,297.34,7
GreenTech Dash Cam,Automotive,GreenTech,371.03,9
BioWare Dash Cam,Automotive,BioWare,71.4,5
EnviroSmart Dash Cam,Automotive,EnviroSmart,403.43,1
GreenTech Jump Starter,Automotive,GreenTech,43.03,2
EnviroSmart Dash Cam,Automotive,EnviroSmart,260.69,7
GreenTech Car Battery,Automotive,GreenTech,13.94,2
EarthFriendly Seat Covers,Automotive,EarthFriendly,107.2,10
NaturePure Car Cover,Automotive,NaturePure,35.33,2
BioWare Engine Oil,Automotive,BioWare,277.45,1
Sustaina Tire Inflator,Automotive,Sustaina,129.82,3
GreenTech Roof Rack,Automotive,GreenTech,385.97,4
EarthFriendly Car Battery,Automotive,EarthFriendly,367.43,10
NaturePure Tire Inflator,Automotive,NaturePure,103.04,5
Sustaina GPS Navigation,Automotive,Sustaina,331.74,9
BioWare Dash Cam,Automotive,BioWare,115.02,3
RenewGen Car Vacuum Cleaner,Automotive,RenewGen,412.96,2
EnviroSmart Jump Starter,Automotive,EnviroSmart,225.23,7
BioWare Car Cover,Automotive,BioWare,458.45,7
NaturePure Jump Starter,Automotive,NaturePure,275.86,9
GreenTech Car Battery,Automotive,GreenTech,340.08,6
EcoLife Jump Starter,Automotive,EcoLife,483.55,6
BioWare Car Cover,Automotive,BioWare,296.86,2
PlanetPro GPS Navigation,Automotive,PlanetPro,484.51,9
EcoLife Car Cover,Automotive,EcoLife,415.49,6
Sustaina Seat Covers,Automotive,Sustaina,132.07,10
EnviroSmart Engine Oil,Automotive,EnviroSmart,452.31,5
FutureEco GPS Navigation,Automotive,FutureEco,271.1,5
PlanetPro GPS Navigation,Automotive,PlanetPro,207.07,1
RenewGen Dash Cam,Automotive,RenewGen,410.48,3
GreenTech Car Cover,Automotive,GreenTech,287.0,9
NaturePure Seat Covers,Automotive,NaturePure,226.42,8
BioWare Dash Cam,Automotive,BioWare,28.79,9
PlanetPro Roof Rack,Automotive,PlanetPro,400.03,6
FutureEco Engine Oil,Automotive,FutureEco,440.66,6
NaturePure GPS Navigation,Automotive,NaturePure,322.53,10
EcoLife Car Battery,Automotive,EcoLife,40.46,5
EarthFriendly Video Game Console,Toys & Games,EarthFriendly,219.08,6
RenewGen Dollhouse,Toys & Games,RenewGen,68.46,3
EcoLife Board Game,Toys & Games,EcoLife,431.56,7
EcoLife Building Blocks,Toys & Games,EcoLife,485.22,5
GreenTech Board Game,Toys & Games,GreenTech,126.83,1
EarthFriendly Stuffed Animal,Toys & Games,EarthFriendly,31.83,2
GreenTech Board Game,Toys & Games,GreenTech,95.15,9
BioWare Building Blocks,Toys & Games,BioWare,489.83,2
Sustaina Card Game,Toys & Games,Sustaina,332.34,5
EnviroSmart Board Game,Toys & Games,EnviroSmart,174.38,4
Sustaina Board Game,Toys & Games,Sustaina,313.53,4
EarthFriendly Action Figure,Toys & Games,EarthFriendly,253.83,1
EarthFriendly Puzzle,Toys & Games,EarthFriendly,473.23,1
EarthFriendly Card Game,Toys & Games,EarthFriendly,425.36,7
EarthFriendly Card Game,Toys & Games,EarthFriendly,356.79,8
EarthFriendly RC Car,Toys & Games,EarthFriendly,487.0,3
FutureEco Video Game Console,Toys & Games,FutureEco,80.25,1
GreenTech Building Blocks,Toys & Games,GreenTech,169.42,7
EnviroSmart RC Car,Toys & Games,EnviroSmart,125.22,9
EarthFriendly Card Game,Toys & Games,EarthFriendly,199.01,8
EcoLife LEGO Set,Toys & Games,EcoLife,380.08,3
EarthFriendly Building Blocks,Toys & Games,EarthFriendly,440.03,10
Sustaina Puzzle,Toys & Games,Sustaina,135.41,8
PlanetPro Action Figure,Toys & Games,PlanetPro,139.79,8
FutureEco Video Game Console,Toys & Games,FutureEco,493.29,1
GreenTech Board Game,Toys & Games,GreenTech,319.03,3
RenewGen Stuffed Animal,Toys & Games,RenewGen,473.65,5
EarthFriendly Video Game Console,Toys & Games,EarthFriendly,330.79,3
EcoLife LEGO Set,Toys & Games,EcoLife,316.26,10
NaturePure Card Game,Toys & Games,NaturePure,365.78,10
PlanetPro Action Figure,Toys & Games,PlanetPro,297.77,1
GreenTech LEGO Set,Toys & Games,GreenTech,284.35,10
EcoLife Dollhouse,Toys & Games,EcoLife,387.82,7
Sustaina Video Game Console,Toys & Games,Sustaina,229.03,3
PlanetPro Video Game Console,Toys & Games,PlanetPro,112.08,5
FutureEco RC Car,Toys & Games,FutureEco,191.94,3
Sustaina RC Car,Toys & Games,Sustaina,69.46,4
RenewGen Puzzle,Toys & Games,RenewGen,295.55,8
NaturePure Puzzle,Toys & Games,NaturePure,466.58,2
NaturePure Action Figure,Toys & Games,NaturePure,293.37,9
BioWare Action Figure,Toys & Games,BioWare,128.44,5
EarthFriendly RC Car,Toys & Games,EarthFriendly,140.91,2
Sustaina RC Car,Toys & Games,Sustaina,383.81,9
GreenTech Building Blocks,Toys & Games,GreenTech,431.19,10
Sustaina LEGO Set,Toys & Games,Sustaina,485.9,6
RenewGen RC Car,Toys & Games,RenewGen,156.49,1
RenewGen Card Game,Toys & Games,RenewGen,134.6,7
RenewGen Stuffed Animal,Toys & Games,RenewGen,168.58,3
RenewGen Card Game,Toys & Games,RenewGen,285.6,6
BioWare RC Car,Toys & Games,BioWare,435.27,7
EarthFriendly RC Car,Toys & Games,EarthFriendly,308.42,3
GreenTech Dollhouse,Toys & Games,GreenTech,310.32,7
RenewGen Card Game,Toys & Games,RenewGen,340.49,2
PlanetPro Building Blocks,Toys & Games,PlanetPro,425.9,9
FutureEco Dollhouse,Toys & Games,FutureEco,354.25,3
PlanetPro Board Game,Toys & Games,PlanetPro,434.08,2
RenewGen Dollhouse,Toys & Games,RenewGen,376.79,3
BioWare Puzzle,Toys & Games,BioWare,467.84,6
BioWare Video Game Console,Toys & Games,BioWare,399.6,6
PlanetPro RC Car,Toys & Games,PlanetPro,238.08,2
BioWare Video Game Console,Toys & Games,BioWare,412.31,3
PlanetPro Action Figure,Toys & Games,PlanetPro,226.66,5
RenewGen Puzzle,Toys & Games,RenewGen,238.6,6
FutureEco Building Blocks,Toys & Games,FutureEco,9.53,9
EcoLife RC Car,Toys & Games,EcoLife,178.8,4
BioWare Card Game,Toys & Games,BioWare,335.01,5
FutureEco Action Figure,Toys & Games,FutureEco,195.37,1
RenewGen Puzzle,Toys & Games,RenewGen,109.47,6
EcoLife Action Figure,Toys & Games,EcoLife,450.45,6
NaturePure Dollhouse,Toys & Games,NaturePure,230.59,7
EcoLife LEGO Set,Toys & Games,EcoLife,272.67,8
Sustaina RC Car,Toys & Games,Sustaina,185.56,9
FutureEco Dollhouse,Toys & Games,FutureEco,345.45,10
FutureEco LEGO Set,Toys & Games,FutureEco,265.77,5
GreenTech Puzzle,Toys & Games,GreenTech,408.87,1
FutureEco Building Blocks,Toys & Games,FutureEco,311.25,7
FutureEco RC Car,Toys & Games,FutureEco,473.27,5
GreenTech Puzzle,Toys & Games,GreenTech,95.01,3
RenewGen LEGO Set,Toys & Games,RenewGen,347.98,1
NaturePure Card Game,Toys & Games,NaturePure,302.73,8
NaturePure Puzzle,Toys & Games,NaturePure,324.58,5
EarthFriendly Card Game,Toys & Games,EarthFriendly,311.88,5
Sustaina Puzzle,Toys & Games,Sustaina,77.04,6
PlanetPro LEGO Set,Toys & Games,PlanetPro,481.95,9
PlanetPro Card Game,Toys & Games,PlanetPro,167.35,5
NaturePure Building Blocks,Toys & Games,NaturePure,351.85,3
PlanetPro LEGO Set,Toys & Games,PlanetPro,152.21,9
NaturePure Dollhouse,Toys & Games,NaturePure,120.56,3
EnviroSmart Action Figure,Toys & Games,EnviroSmart,311.96,7
EcoLife Action Figure,Toys & Games,EcoLife,65.96,1
RenewGen Stuffed Animal,Toys & Games,RenewGen,384.96,1
FutureEco Board Game,Toys & Games,FutureEco,186.74,9
EarthFriendly Puzzle,Toys & Games,EarthFriendly,74.51,7
GreenTech RC Car,Toys & Games,GreenTech,294.59,1
Sustaina Puzzle,Toys & Games,Sustaina,33.23,10
EarthFriendly Action Figure,Toys & Games,EarthFriendly,175.71,9
EarthFriendly LEGO Set,Toys & Games,EarthFriendly,341.23,3
BioWare Dollhouse,Toys & Games,BioWare,120.23,9
GreenTech Action Figure,Toys & Games,GreenTech,10.05,6
FutureEco Board Game,Toys & Games,FutureEco,54.0,6
NaturePure Video Game Console,Toys & Games,NaturePure,471.04,2
GreenTech Puzzle,Toys & Games,GreenTech,452.25,10
EarthFriendly Building Blocks,Toys & Games,EarthFriendly,62.92,2
PlanetPro Puzzle,Toys & Games,PlanetPro,341.59,3
FutureEco Video Game Console,Toys & Games,FutureEco,144.8,1
EarthFriendly Action Figure,Toys & Games,EarthFriendly,152.34,4
Sustaina Card Game,Toys & Games,Sustaina,186.57,9
GreenTech Action Figure,Toys & Games,GreenTech,98.7,3
EnviroSmart Stuffed Animal,Toys & Games,EnviroSmart,45.99,9
NaturePure Building Blocks,Toys & Games,NaturePure,168.45,2
BioWare Ballpoint Pen,Office Supplies,BioWare,316.23,6
GreenTech Stapler,Office Supplies,GreenTech,297.86,6
PlanetPro Whiteboard,Office Supplies,PlanetPro,163.5,8
EarthFriendly Stapler,Office Supplies,EarthFriendly,200.02,1
NaturePure Printer,Office Supplies,NaturePure,111.72,10
EarthFriendly Whiteboard,Office Supplies,EarthFriendly,68.84,5
EcoLife Whiteboard,Office Supplies,EcoLife,354.79,1
GreenTech Office Chair,Office Supplies,GreenTech,325.76,2
Sustaina Printer,Office Supplies,Sustaina,108.11,2
FutureEco Ballpoint Pen,Office Supplies,FutureEco,419.39,5
EarthFriendly Paper Shredder,Office Supplies,EarthFriendly,116.46,3
Sustaina Paper Shredder,Office Supplies,Sustaina,319.52,9
EnviroSmart Printer,Office Supplies,EnviroSmart,413.74,2
Sustaina Stapler,Office Supplies,Sustaina,260.6,9
FutureEco Office Chair,Office Supplies,FutureEco,217.15,2
EcoLife Filing Cabinet,Office Supplies,EcoLife,461.19,10
PlanetPro Office Chair,Office Supplies,PlanetPro,362.14,3
EarthFriendly Filing Cabinet,Office Supplies,EarthFriendly,306.19,10
GreenTech Paper Shredder,Office Supplies,GreenTech,290.04,5
NaturePure Office Chair,Office Supplies,NaturePure,174.95,2
EcoLife Notebook,Office Supplies,EcoLife,359.24,8
NaturePure Whiteboard,Office Supplies,NaturePure,198.41,3
BioWare Office Chair,Office Supplies,BioWare,23.15,6
GreenTech Whiteboard,Office Supplies,GreenTech,394.98,2
EnviroSmart Whiteboard,Office Supplies,EnviroSmart,319.38,5
EcoLife Paper Shredder,Office Supplies,EcoLife,64.52,4
Sustaina Whiteboard,Office Supplies,Sustaina,61.55,3
Sustaina Whiteboard,Office Supplies,Sustaina,108.85,6
EcoLife Calculator,Office Supplies,EcoLife,196.87,3
EnviroSmart Stapler,Office Supplies,EnviroSmart,18.78,5
PlanetPro Paper Shredder,Office Supplies,PlanetPro,478.27,6
BioWare Office Chair,Office Supplies,BioWare,248.1,6
RenewGen Calculator,Office Supplies,RenewGen,14.85,6
NaturePure Ballpoint Pen,Office Supplies,NaturePure,79.24,5
PlanetPro Office Chair,Office Supplies,PlanetPro,131.4,4
Sustaina Calculator,Office Supplies,Sustaina,241.19,8
RenewGen Paper Shredder,Office Supplies,RenewGen,309.83,3
EarthFriendly Whiteboard,Office Supplies,EarthFriendly,101.0,2
EarthFriendly Desk Lamp,Office Supplies,EarthFriendly,333.35,5
FutureEco Ballpoint Pen,Office Supplies,FutureEco,185.6,9
FutureEco Notebook,Office Supplies,FutureEco,490.36,8
Sustaina Filing Cabinet,Office Supplies,Sustaina,5.43,7
RenewGen Filing Cabinet,Office Supplies,RenewGen,301.26,9
RenewGen Notebook,Office Supplies,RenewGen,122.49,9
EnviroSmart Paper Shredder,Office Supplies,EnviroSmart,176.82,6
PlanetPro Calculator,Office Supplies,PlanetPro,118.42,7
EnviroSmart Stapler,Office Supplies,EnviroSmart,405.99,2
RenewGen Calculator,Office Supplies,RenewGen,203.78,9
PlanetPro Filing Cabinet,Office Supplies,PlanetPro,83.2,3
EarthFriendly Desk Lamp,Office Supplies,EarthFriendly,176.72,2
BioWare Whiteboard,Office Supplies,BioWare,261.89,1
EnviroSmart Printer,Office Supplies,EnviroSmart,286.6,7
NaturePure Printer,Office Supplies,NaturePure,192.11,8
RenewGen Notebook,Office Supplies,RenewGen,42.5,8
EcoLife Whiteboard,Office Supplies,EcoLife,202.0,3
BioWare Calculator,Office Supplies,BioWare,457.4,3
NaturePure Whiteboard,Office Supplies,NaturePure,310.45,3
EarthFriendly Desk Lamp,Office Supplies,EarthFriendly,170.49,10
RenewGen Filing Cabinet,Office Supplies,RenewGen,125.12,10
FutureEco Paper Shredder,Office Supplies,FutureEco,65.34,7
Sustaina Notebook,Office Supplies,Sustaina,334.21,4
FutureEco Office Chair,Office Supplies,FutureEco,205.68,2
FutureEco Printer,Office Supplies,FutureEco,490.53,1
BioWare Paper Shredder,Office Supplies,BioWare,55.09,7
NaturePure Filing Cabinet,Office Supplies,NaturePure,484.59,5
Sustaina Paper Shredder,Office Supplies,Sustaina,457.59,4
EnviroSmart Filing Cabinet,Office Supplies,EnviroSmart,58.47,6
FutureEco Calculator,Office Supplies,FutureEco,217.6,3
BioWare Ballpoint Pen,Office Supplies,BioWare,242.51,5
GreenTech Printer,Office Supplies,GreenTech,469.43,9
RenewGen Paper Shredder,Office Supplies,RenewGen,13.67,2
FutureEco Paper Shredder,Office Supplies,FutureEco,147.51,9
RenewGen Whiteboard,Office Supplies,RenewGen,273.34,9
EnviroSmart Calculator,Office Supplies,EnviroSmart,106.71,10
NaturePure Whiteboard,Office Supplies,NaturePure,149.85,1
EcoLife Filing Cabinet,Office Supplies,EcoLife,144.08,10
Sustaina Stapler,Office Supplies,Sustaina,425.25,6
FutureEco Whiteboard,Office Supplies,FutureEco,85.04,8
EnviroSmart Stapler,Office Supplies,EnviroSmart,358.46,5
BioWare Desk Lamp,Office Supplies,BioWare,7.85,6
Sustaina Paper Shredder,Office Supplies,Sustaina,488.29,8
EcoLife Desk Lamp,Office Supplies,EcoLife,216.99,5
BioWare Calculator,Office Supplies,BioWare,456.51,8
FutureEco Ballpoint Pen,Office Supplies,FutureEco,350.28,9
BioWare Whiteboard,Office Supplies,BioWare,321.89,10
EarthFriendly Ballpoint Pen,Office Supplies,EarthFriendly,388.36,10
EcoLife Filing Cabinet,Office Supplies,EcoLife,334.77,5
EnviroSmart Notebook,Office Supplies,EnviroSmart,304.39,3
PlanetPro Notebook,Office Supplies,PlanetPro,174.48,2
FutureEco Desk Lamp,Office Supplies,FutureEco,464.82,8
EarthFriendly Notebook,Office Supplies,EarthFriendly,40.03,4
Sustaina Office Chair,Office Supplies,Sustaina,127.65,5
BioWare Calculator,Office Supplies,BioWare,453.45,10
FutureEco Whiteboard,Office Supplies,FutureEco,409.39,10
EarthFriendly Calculator,Office Supplies,EarthFriendly,303.38,10
NaturePure Ballpoint Pen,Office Supplies,NaturePure,328.24,3
EarthFriendly Paper Shredder,Office Supplies,EarthFriendly,332.2,6
BioWare Stapler,Office Supplies,BioWare,92.03,8
EarthFriendly Stapler,Office Supplies,EarthFriendly,300.29,1
EnviroSmart Notebook,Office Supplies,EnviroSmart,413.41,10
EarthFriendly Paper Shredder,Office Supplies,EarthFriendly,403.42,6
EnviroSmart Whiteboard,Office Supplies,EnviroSmart,271.23,3
EnviroSmart Whiteboard,Office Supplies,EnviroSmart,388.78,8
GreenTech Office Chair,Office Supplies,GreenTech,11.55,1
NaturePure Notebook,Office Supplies,NaturePure,12.87,10
NaturePure Ballpoint Pen,Office Supplies,NaturePure,207.89,7
GreenTech Desk Lamp,Office Supplies,GreenTech,203.93,5
NaturePure Calculator,Office Supplies,NaturePure,23.61,9
BioWare Calculator,Office Supplies,BioWare,177.98,5
FutureEco Filing Cabinet,Office Supplies,FutureEco,267.59,8
NaturePure Massage Gun,Health & Wellness,NaturePure,386.42,2
EcoLife Resistance Bands,Health & Wellness,EcoLife,326.74,5
Sustaina Yoga Block,Health & Wellness,Sustaina,437.52,7
BioWare Blood Pressure Monitor,Health & Wellness,BioWare,311.14,3
FutureEco Multivitamins,Health & Wellness,FutureEco,310.21,9
BioWare Thermometer,Health & Wellness,BioWare,68.16,7
RenewGen Yoga Block,Health & Wellness,RenewGen,430.54,7
RenewGen Yoga Block,Health & Wellness,RenewGen,143.15,6
RenewGen Pulse Oximeter,Health & Wellness,RenewGen,173.71,10
RenewGen Yoga Block,Health & Wellness,RenewGen,498.35,5
BioWare Essential Oils,Health & Wellness,BioWare,491.75,7
EnviroSmart First Aid Kit,Health & Wellness,EnviroSmart,374.84,7
Sustaina Blood Pressure Monitor,Health & Wellness,Sustaina,124.63,3
EarthFriendly Massage Gun,Health & Wellness,EarthFriendly,356.12,8
EarthFriendly Blood Pressure Monitor,Health & Wellness,EarthFriendly,37.56,10
RenewGen Protein Powder,Health & Wellness,RenewGen,170.53,9
BioWare Massage Gun,Health & Wellness,BioWare,480.05,8
NaturePure Thermometer,Health & Wellness,NaturePure,97.18,5
NaturePure Resistance Bands,Health & Wellness,NaturePure,429.38,3
EcoLife Blood Pressure Monitor,Health & Wellness,EcoLife,37.36,2
EnviroSmart Resistance Bands,Health & Wellness,EnviroSmart,36.28,1
BioWare First Aid Kit,Health & Wellness,BioWare,122.43,3
GreenTech Protein Powder,Health & Wellness,GreenTech,486.44,5
EcoLife Yoga Block,Health & Wellness,EcoLife,418.9,1
Sustaina Multivitamins,Health & Wellness,Sustaina,196.28,5
EcoLife Resistance Bands,Health & Wellness,EcoLife,278.8,9
PlanetPro Essential Oils,Health & Wellness,PlanetPro,168.72,2
EcoLife Multivitamins,Health & Wellness,EcoLife,343.39,10
BioWare Pulse Oximeter,Health & Wellness,BioWare,493.75,1
RenewGen Pulse Oximeter,Health & Wellness,RenewGen,75.64,9
Sustaina Thermometer,Health & Wellness,Sustaina,163.65,8
Sustaina Thermometer,Health & Wellness,Sustaina,179.91,7
EcoLife Blood Pressure Monitor,Health & Wellness,EcoLife,12.94,3
EcoLife Massage Gun,Health & Wellness,EcoLife,390.23,7
Sustaina Blood Pressure Monitor,Health & Wellness,Sustaina,352.75,8
Sustaina First Aid Kit,Health & Wellness,Sustaina,215.01,3
RenewGen Blood Pressure Monitor,Health & Wellness,RenewGen,153.04,10
EarthFriendly Pulse Oximeter,Health & Wellness,EarthFriendly,201.85,4
EnviroSmart Resistance Bands,Health & Wellness,EnviroSmart,434.42,8
GreenTech Essential Oils,Health & Wellness,GreenTech,208.58,10
EcoLife Blood Pressure Monitor,Health & Wellness,EcoLife,328.65,8
Sustaina Pulse Oximeter,Health & Wellness,Sustaina,80.26,8
EarthFriendly Thermometer,Health & Wellness,EarthFriendly,334.9,4
EcoLife Protein Powder,Health & Wellness,EcoLife,344.39,3
BioWare Yoga Block,Health & Wellness,BioWare,306.35,2
EcoLife Protein Powder,Health & Wellness,EcoLife,410.11,6
PlanetPro Yoga Block,Health & Wellness,PlanetPro,128.39,7
PlanetPro Essential Oils,Health & Wellness,PlanetPro,405.42,10
RenewGen Resistance Bands,Health & Wellness,RenewGen,49.46,1
PlanetPro Protein Powder,Health & Wellness,PlanetPro,232.4,8
FutureEco Massage Gun,Health & Wellness,FutureEco,279.3,2
FutureEco Resistance Bands,Health & Wellness,FutureEco,420.15,4
EcoLife Resistance Bands,Health & Wellness,EcoLife,498.42,4
RenewGen Resistance Bands,Health & Wellness,RenewGen,333.74,4
BioWare First Aid Kit,Health & Wellness,BioWare,58.55,1
PlanetPro Massage Gun,Health & Wellness,PlanetPro,35.58,1
EcoLife Massage Gun,Health & Wellness,EcoLife,371.25,7
NaturePure Yoga Block,Health & Wellness,NaturePure,490.96,10
RenewGen Resistance Bands,Health & Wellness,RenewGen,29.18,8
RenewGen Protein Powder,Health & Wellness,RenewGen,202.99,9
BioWare Multivitamins,Health & Wellness,BioWare,89.91,10
BioWare Essential Oils,Health & Wellness,BioWare,113.7,4
Sustaina Pulse Oximeter,Health & Wellness,Sustaina,97.69,3
NaturePure Pulse Oximeter,Health & Wellness,NaturePure,137.93,7
GreenTech First Aid Kit,Health & Wellness,GreenTech,78.81,10
EcoLife Resistance Bands,Health & Wellness,EcoLife,178.4,3
NaturePure Protein Powder,Health & Wellness,NaturePure,400.91,3
RenewGen Multivitamins,Health & Wellness,RenewGen,238.32,10
NaturePure Essential Oils,Health & Wellness,NaturePure,159.28,9
Sustaina Blood Pressure Monitor,Health & Wellness,Sustaina,490.02,2
NaturePure Blood Pressure Monitor,Health & Wellness,NaturePure,163.98,8
FutureEco First Aid Kit,Health & Wellness,FutureEco,407.03,4
FutureEco Resistance Bands,Health & Wellness,FutureEco,195.6,10
BioWare Blood Pressure Monitor,Health & Wellness,BioWare,176.76,6
EnviroSmart Resistance Bands,Health & Wellness,EnviroSmart,428.16,9
BioWare Resistance Bands,Health & Wellness,BioWare,35.82,6
EcoLife First Aid Kit,Health & Wellness,EcoLife,337.33,4
GreenTech Resistance Bands,Health & Wellness,GreenTech,148.27,6
EarthFriendly Yoga Block,Health & Wellness,EarthFriendly,159.5,4
NaturePure Resistance Bands,Health & Wellness,NaturePure,8.9,4
PlanetPro Resistance Bands,Health & Wellness,PlanetPro,76.1,8
NaturePure Yoga Block,Health & Wellness,NaturePure,84.45,1
RenewGen Protein Powder,Health & Wellness,RenewGen,89.55,4
GreenTech Yoga Block,Health & Wellness,GreenTech,308.52,6
BioWare Blood Pressure Monitor,Health & Wellness,BioWare,437.67,1
PlanetPro Essential Oils,Health & Wellness,PlanetPro,352.43,10
EcoLife Massage Gun,Health & Wellness,EcoLife,29.36,8
PlanetPro Resistance Bands,Health & Wellness,PlanetPro,497.8,10
PlanetPro Multivitamins,Health & Wellness,PlanetPro,27.23,5
GreenTech Yoga Block,Health & Wellness,GreenTech,320.28,7
EnviroSmart Massage Gun,Health & Wellness,EnviroSmart,467.41,1
NaturePure Massage Gun,Health & Wellness,NaturePure,66.21,2
EcoLife Essential Oils,Health & Wellness,EcoLife,310.82,4
PlanetPro Thermometer,Health & Wellness,PlanetPro,212.82,9
FutureEco First Aid Kit,Health & Wellness,FutureEco,469.3,5
PlanetPro Blood Pressure Monitor,Health & Wellness,PlanetPro,488.44,10
GreenTech Pulse Oximeter,Health & Wellness,GreenTech,420.4,9
RenewGen Blood Pressure Monitor,Health & Wellness,RenewGen,405.93,10
FutureEco Multivitamins,Health & Wellness,FutureEco,382.96,6
EarthFriendly Protein Powder,Health & Wellness,EarthFriendly,463.07,7
NaturePure Resistance Bands,Health & Wellness,NaturePure,61.19,10
RenewGen Yoga Block,Health & Wellness,RenewGen,452.36,4
Sustaina Pulse Oximeter,Health & Wellness,Sustaina,125.65,8
EarthFriendly Pulse Oximeter,Health & Wellness,EarthFriendly,290.64,10
PlanetPro Yoga Block,Health & Wellness,PlanetPro,363.39,8
EcoLife Resistance Bands,Health & Wellness,EcoLife,368.1,10
BioWare Pulse Oximeter,Health & Wellness,BioWare,170.6,9
PlanetPro Yoga Block,Health & Wellness,PlanetPro,471.18,3
Sustaina Blood Pressure Monitor,Health & Wellness,Sustaina,357.83,6
FutureEco Protein Powder,Health & Wellness,FutureEco,429.39,6
